a_config,a_profit_train,a_profit_val,a_profit_test,a_profit_train_fc,a_profit_val_fc,a_profit_test_fc,ab_profit_PF_train,ab_profit_PF_val,ab_profit_PF_test,b_train_time_per_epoch,b_train_time_forward,b_train_time_backward,b_train_time_val,hp_reg,hp_gamma,hp_lr,hp_bs,hp_ws,smoothing,loss,framework,hp_hl1_units,hp_hl1_act,,regret_val,regret_test,train_time
4,-1.438999176,-0.416833818,-0.431512535,1.414547205,0.410162568,0.420511007,1.755104423,0.489230037,0.515412867,19.70299509,1.04045074,0.593225892,6.454131015,0,0.001,1.00E-05,8,TRUE,logBar,profit,ID,24,softplus,,0.072396219,0.083900332,1970.299509
36,-1.425372243,-0.415481329,-0.428280175,1.414547205,0.410162568,0.420511007,1.755104423,0.489230037,0.515412867,14.85671731,6.716024083,2.214069033,5.844242327,0,0.001,1.00E-05,64,TRUE,logBar,profit,ID,24,softplus,,,,
35,-1.425177574,-0.414632797,-0.429982275,1.414547205,0.410162568,0.420511007,1.755104423,0.489230037,0.515412867,15.27487259,6.577963678,2.272737122,6.22810506,0,0.001,0.0001,64,TRUE,logBar,profit,ID,24,softplus,,,,
32,-1.45934391,-0.413981736,-0.427858382,1.414547205,0.410162568,0.420511007,1.755104423,0.489230037,0.515412867,16.62299643,1.1250408,0.266949211,5.500672421,0,3,1.00E-05,8,TRUE,logBar,profit,ID,24,softplus,,,,
31,-1.461356878,-0.413023919,-0.432282001,1.414547205,0.410162568,0.420511007,1.755104423,0.489230037,0.515412867,17.13760247,1.08845706,0.259670107,6.46843067,0,3,0.0001,8,TRUE,logBar,profit,ID,24,softplus,,,,
8,-1.452563882,-0.412481874,-0.434300393,1.414547205,0.410162568,0.420511007,1.755104423,0.489230037,0.515412867,18.56265335,1.010972556,0.436155649,6.197244273,0,0.003,1.00E-05,8,TRUE,logBar,profit,ID,24,softplus,,,,
40,-1.449955583,-0.412047029,-0.420442581,1.414547205,0.410162568,0.420511007,1.755104423,0.489230037,0.515412867,15.14929227,6.585860738,2.078152202,6.42681226,0,0.003,1.00E-05,64,TRUE,logBar,profit,ID,24,softplus,,,,
44,-1.421169043,-0.411431521,-0.419427782,1.414547205,0.410162568,0.420511007,1.755104423,0.489230037,0.515412867,14.92355833,6.55753632,1.853105965,6.331295823,0,0.01,1.00E-05,64,TRUE,logBar,profit,ID,24,softplus,,,,
48,-1.421169043,-0.411431521,-0.419427782,1.414547205,0.410162568,0.420511007,1.755104423,0.489230037,0.515412867,15.54823348,6.715253165,2.140918587,6.572708908,0,0.03,1.00E-05,64,TRUE,logBar,profit,ID,24,softplus,,,,
52,-1.421169043,-0.411431521,-0.419427782,1.414547205,0.410162568,0.420511007,1.755104423,0.489230037,0.515412867,14.58455708,6.669252226,1.919632033,5.84313717,0,0.1,1.00E-05,64,TRUE,logBar,profit,ID,24,softplus,,,,
56,-1.421169043,-0.411431521,-0.419427782,1.414547205,0.410162568,0.420511007,1.755104423,0.489230037,0.515412867,14.93653981,6.612646153,1.879789597,6.377830568,0,0.3,1.00E-05,64,TRUE,logBar,profit,ID,24,softplus,,,,
60,-1.421169043,-0.411431521,-0.419427782,1.414547205,0.410162568,0.420511007,1.755104423,0.489230037,0.515412867,15.31723182,6.846368551,1.924091992,6.459783868,0,1,1.00E-05,64,TRUE,logBar,profit,ID,24,softplus,,,,
28,-1.422936082,-0.410736769,-0.421507776,1.414547205,0.410162568,0.420511007,1.755104423,0.489230037,0.515412867,17.67966927,0.973213545,0.307358827,6.592572016,0,1,1.00E-05,8,TRUE,logBar,profit,ID,24,softplus,,,,
39,-1.451805592,-0.410255194,-0.428281695,1.414547205,0.410162568,0.420511007,1.755104423,0.489230037,0.515412867,15.06397765,6.618443807,2.079010534,6.192924221,0,0.003,0.0001,64,TRUE,logBar,profit,ID,24,softplus,,,,
43,-1.426372051,-0.41016373,-0.41988045,1.414547205,0.410162568,0.420511007,1.755104423,0.489230037,0.515412867,15.34589787,6.573725871,2.187387015,6.391140887,0,0.01,0.0001,64,TRUE,logBar,profit,ID,24,softplus,,,,
47,-1.426372051,-0.41016373,-0.41988045,1.414547205,0.410162568,0.420511007,1.755104423,0.489230037,0.515412867,15.74006536,6.80016974,2.034142145,6.792658372,0,0.03,0.0001,64,TRUE,logBar,profit,ID,24,softplus,,,,
51,-1.426372051,-0.41016373,-0.41988045,1.414547205,0.410162568,0.420511007,1.755104423,0.489230037,0.515412867,14.75780244,6.56576229,1.963040301,6.009113278,0,0.1,0.0001,64,TRUE,logBar,profit,ID,24,softplus,,,,
55,-1.426372051,-0.41016373,-0.41988045,1.414547205,0.410162568,0.420511007,1.755104423,0.489230037,0.515412867,14.80416144,6.560361956,2.022034815,6.115516467,0,0.3,0.0001,64,TRUE,logBar,profit,ID,24,softplus,,,,
59,-1.426372051,-0.41016373,-0.41988045,1.414547205,0.410162568,0.420511007,1.755104423,0.489230037,0.515412867,14.68266193,6.557674272,1.885365018,6.15981446,0,1,0.0001,64,TRUE,logBar,profit,ID,24,softplus,,,,
7,-1.449309349,-0.409758419,-0.429272771,1.414547205,0.410162568,0.420511007,1.755104423,0.489230037,0.515412867,18.76747342,0.985671494,0.550030964,5.975704573,0,0.003,0.0001,8,TRUE,logBar,profit,ID,24,softplus,,,,
3,-1.418637872,-0.408978552,-0.428092182,1.414547205,0.410162568,0.420511007,1.755104423,0.489230037,0.515412867,19.41764313,1.009613055,0.549795636,6.004994754,0,0.001,0.0001,8,TRUE,logBar,profit,ID,24,softplus,,,,
12,-1.420999765,-0.408435702,-0.419843316,1.414547205,0.410162568,0.420511007,1.755104423,0.489230037,0.515412867,17.93958231,1.055567052,0.409330462,6.316241026,0,0.01,1.00E-05,8,TRUE,logBar,profit,ID,24,softplus,,,,
24,-1.420999765,-0.408435702,-0.419843316,1.414547205,0.410162568,0.420511007,1.755104423,0.489230037,0.515412867,17.40648094,0.989272518,0.297020061,6.075442101,0,0.3,1.00E-05,8,TRUE,logBar,profit,ID,24,softplus,,,,
63,-1.428724766,-0.408375114,-0.422445118,1.414547205,0.410162568,0.420511007,1.755104423,0.489230037,0.515412867,14.73973325,6.748168996,1.817093015,5.939362092,0,3,0.0001,64,TRUE,logBar,profit,ID,24,softplus,,,,
64,-1.428724766,-0.408375114,-0.422445118,1.414547205,0.410162568,0.420511007,1.755104423,0.489230037,0.515412867,14.80295788,6.644749698,1.916494784,6.155193116,0,3,1.00E-05,64,TRUE,logBar,profit,ID,24,softplus,,,,
16,-1.420999765,-0.408282429,-0.419843316,1.414547205,0.410162568,0.420511007,1.755104423,0.489230037,0.515412867,18.24932039,1.010693312,0.359482935,6.60121945,0,0.03,1.00E-05,8,TRUE,logBar,profit,ID,24,softplus,,,,
20,-1.420999765,-0.408282429,-0.419843316,1.414547205,0.410162568,0.420511007,1.755104423,0.489230037,0.515412867,17.71623323,1.070819199,0.344844401,6.093069979,0,0.1,1.00E-05,8,TRUE,logBar,profit,ID,24,softplus,,,,
1,-1.422380209,-0.407201052,-0.418356299,1.414547205,0.410162568,0.420511007,1.755104423,0.489230037,0.515412867,19.77867889,1.151063629,0.476536677,5.632027723,0,0.001,0.01,8,TRUE,logBar,profit,ID,24,softplus,,,,
2,-1.422380209,-0.407201052,-0.418356299,1.414547205,0.410162568,0.420511007,1.755104423,0.489230037,0.515412867,20.05169265,1.052897439,0.650403941,6.300997271,0,0.001,0.001,8,TRUE,logBar,profit,ID,24,softplus,,,,
5,-1.422380209,-0.407201052,-0.418356299,1.414547205,0.410162568,0.420511007,1.755104423,0.489230037,0.515412867,16.34291186,1.059838446,0.377770129,4.362345792,0,0.003,0.01,8,TRUE,logBar,profit,ID,24,softplus,,,,
6,-1.422380209,-0.407201052,-0.418356299,1.414547205,0.410162568,0.420511007,1.755104423,0.489230037,0.515412867,19.77195835,1.067039446,0.598416964,6.159535664,0,0.003,0.001,8,TRUE,logBar,profit,ID,24,softplus,,,,
9,-1.422380209,-0.407201052,-0.418356299,1.414547205,0.410162568,0.420511007,1.755104423,0.489230037,0.515412867,44.41348401,8.889615459,0.38202325,3.18513256,0,0.01,0.01,8,TRUE,logBar,profit,ID,24,softplus,,,,
10,-1.422380209,-0.407201052,-0.418356299,1.414547205,0.410162568,0.420511007,1.755104423,0.489230037,0.515412867,19.71757961,1.056806211,0.578210045,6.734572534,0,0.01,0.001,8,TRUE,logBar,profit,ID,24,softplus,,,,
11,-1.422380209,-0.407201052,-0.418356299,1.414547205,0.410162568,0.420511007,1.755104423,0.489230037,0.515412867,18.8932841,1.096672067,0.446398073,6.402326028,0,0.01,0.0001,8,TRUE,logBar,profit,ID,24,softplus,,,,
13,-1.422380209,-0.407201052,-0.418356299,1.414547205,0.410162568,0.420511007,1.755104423,0.489230037,0.515412867,22.19629257,1.102915001,0.489994156,6.187044203,0,0.03,0.01,8,TRUE,logBar,profit,ID,24,softplus,,,,
14,-1.422380209,-0.407201052,-0.418356299,1.414547205,0.410162568,0.420511007,1.755104423,0.489230037,0.515412867,19.28548221,1.09556335,0.579210167,6.249484292,0,0.03,0.001,8,TRUE,logBar,profit,ID,24,softplus,,,,
15,-1.422380209,-0.407201052,-0.418356299,1.414547205,0.410162568,0.420511007,1.755104423,0.489230037,0.515412867,17.42813376,1.008481167,0.362903772,6.000283436,0,0.03,0.0001,8,TRUE,logBar,profit,ID,24,softplus,,,,
17,-1.422380209,-0.407201052,-0.418356299,1.414547205,0.410162568,0.420511007,1.755104423,0.489230037,0.515412867,18.26150641,1.125102381,0.355480959,6.703264447,0,0.1,0.01,8,TRUE,logBar,profit,ID,24,softplus,,,,
18,-1.422380209,-0.407201052,-0.418356299,1.414547205,0.410162568,0.420511007,1.755104423,0.489230037,0.515412867,18.50179407,1.05585923,0.447360569,6.514076312,0,0.1,0.001,8,TRUE,logBar,profit,ID,24,softplus,,,,
19,-1.422380209,-0.407201052,-0.418356299,1.414547205,0.410162568,0.420511007,1.755104423,0.489230037,0.515412867,17.71511468,0.973727323,0.407499605,6.337302464,0,0.1,0.0001,8,TRUE,logBar,profit,ID,24,softplus,,,,
21,-1.422380209,-0.407201052,-0.418356299,1.414547205,0.410162568,0.420511007,1.755104423,0.489230037,0.515412867,17.5612951,1.116301179,0.293407202,6.430259285,0,0.3,0.01,8,TRUE,logBar,profit,ID,24,softplus,,,,
22,-1.422380209,-0.407201052,-0.418356299,1.414547205,0.410162568,0.420511007,1.755104423,0.489230037,0.515412867,18.04532676,1.05583915,0.364398806,6.301504594,0,0.3,0.001,8,TRUE,logBar,profit,ID,24,softplus,,,,
23,-1.422380209,-0.407201052,-0.418356299,1.414547205,0.410162568,0.420511007,1.755104423,0.489230037,0.515412867,17.17156319,1.098664902,0.289647782,5.75177364,0,0.3,0.0001,8,TRUE,logBar,profit,ID,24,softplus,,,,
25,-1.422380209,-0.407201052,-0.418356299,1.414547205,0.410162568,0.420511007,1.755104423,0.489230037,0.515412867,16.05138154,0.94031227,0.279177962,5.303788156,0,1,0.01,8,TRUE,logBar,profit,ID,24,softplus,,,,
26,-1.422380209,-0.407201052,-0.418356299,1.414547205,0.410162568,0.420511007,1.755104423,0.489230037,0.515412867,17.32042258,1.037667557,0.298618979,6.024934495,0,1,0.001,8,TRUE,logBar,profit,ID,24,softplus,,,,
27,-1.422380209,-0.407201052,-0.418356299,1.414547205,0.410162568,0.420511007,1.755104423,0.489230037,0.515412867,17.64916312,1.017297021,0.312237951,6.52294423,0,1,0.0001,8,TRUE,logBar,profit,ID,24,softplus,,,,
29,-1.422380209,-0.407201052,-0.418356299,1.414547205,0.410162568,0.420511007,1.755104423,0.489230037,0.515412867,14.78812496,1.048943626,0.298423211,3.889207363,0,3,0.01,8,TRUE,logBar,profit,ID,24,softplus,,,,
30,-1.422380209,-0.407201052,-0.418356299,1.414547205,0.410162568,0.420511007,1.755104423,0.489230037,0.515412867,17.10605321,1.095356482,0.218885307,5.931243102,0,3,0.001,8,TRUE,logBar,profit,ID,24,softplus,,,,
33,-1.422380209,-0.407201052,-0.418356299,1.414547205,0.410162568,0.420511007,1.755104423,0.489230037,0.515412867,16.0248637,8.6096547,2.275571992,5.086573839,0,0.001,0.01,64,TRUE,logBar,profit,ID,24,softplus,,,,
34,-1.422380209,-0.407201052,-0.418356299,1.414547205,0.410162568,0.420511007,1.755104423,0.489230037,0.515412867,14.81173811,6.576537998,2.212236237,5.901808165,0,0.001,0.001,64,TRUE,logBar,profit,ID,24,softplus,,,,
37,-1.422380209,-0.407201052,-0.418356299,1.414547205,0.410162568,0.420511007,1.755104423,0.489230037,0.515412867,15.35989398,6.921870205,2.105842917,6.075094294,0,0.003,0.01,64,TRUE,logBar,profit,ID,24,softplus,,,,
38,-1.422380209,-0.407201052,-0.418356299,1.414547205,0.410162568,0.420511007,1.755104423,0.489230037,0.515412867,15.09575709,6.606526896,2.218866887,6.101527982,0,0.003,0.001,64,TRUE,logBar,profit,ID,24,softplus,,,,
41,-1.422380209,-0.407201052,-0.418356299,1.414547205,0.410162568,0.420511007,1.755104423,0.489230037,0.515412867,12.8084865,6.807469942,2.194933768,3.744206102,0,0.01,0.01,64,TRUE,logBar,profit,ID,24,softplus,,,,
42,-1.422380209,-0.407201052,-0.418356299,1.414547205,0.410162568,0.420511007,1.755104423,0.489230037,0.515412867,15.18175544,6.507956726,2.317439706,6.219885438,0,0.01,0.001,64,TRUE,logBar,profit,ID,24,softplus,,,,
45,-1.422380209,-0.407201052,-0.418356299,1.414547205,0.410162568,0.420511007,1.755104423,0.489230037,0.515412867,13.39797046,6.935601261,2.382456161,3.96962753,0,0.03,0.01,64,TRUE,logBar,profit,ID,24,softplus,,,,
46,-1.422380209,-0.407201052,-0.418356299,1.414547205,0.410162568,0.420511007,1.755104423,0.489230037,0.515412867,15.44117396,6.949690722,1.912848967,6.366637336,0,0.03,0.001,64,TRUE,logBar,profit,ID,24,softplus,,,,
49,-1.422380209,-0.407201052,-0.418356299,1.414547205,0.410162568,0.420511007,1.755104423,0.489230037,0.515412867,15.4452189,6.679462274,1.979838204,6.673223381,0,0.1,0.01,64,TRUE,logBar,profit,ID,24,softplus,,,,
50,-1.422380209,-0.407201052,-0.418356299,1.414547205,0.410162568,0.420511007,1.755104423,0.489230037,0.515412867,14.80437809,6.44631324,2.02356773,6.20925377,0,0.1,0.001,64,TRUE,logBar,profit,ID,24,softplus,,,,
53,-1.422380209,-0.407201052,-0.418356299,1.414547205,0.410162568,0.420511007,1.755104423,0.489230037,0.515412867,15.15231305,6.61739163,2.131843205,6.104673262,0,0.3,0.01,64,TRUE,logBar,profit,ID,24,softplus,,,,
54,-1.422380209,-0.407201052,-0.418356299,1.414547205,0.410162568,0.420511007,1.755104423,0.489230037,0.515412867,15.95747969,6.756783636,2.122709036,6.898434392,0,0.3,0.001,64,TRUE,logBar,profit,ID,24,softplus,,,,
57,-1.422380209,-0.407201052,-0.418356299,1.414547205,0.410162568,0.420511007,1.755104423,0.489230037,0.515412867,14.99124465,6.538919935,1.822072718,6.481604868,0,1,0.01,64,TRUE,logBar,profit,ID,24,softplus,,,,
58,-1.422380209,-0.407201052,-0.418356299,1.414547205,0.410162568,0.420511007,1.755104423,0.489230037,0.515412867,14.41772228,6.74180211,1.772632811,5.731303533,0,1,0.001,64,TRUE,logBar,profit,ID,24,softplus,,,,
61,-1.422380209,-0.407201052,-0.418356299,1.414547205,0.410162568,0.420511007,1.755104423,0.489230037,0.515412867,15.06093257,6.87658717,1.738433785,6.315147073,0,3,0.01,64,TRUE,logBar,profit,ID,24,softplus,,,,
62,-1.422380209,-0.407201052,-0.418356299,1.414547205,0.410162568,0.420511007,1.755104423,0.489230037,0.515412867,15.30202656,6.741788067,1.878495438,6.552838671,0,3,0.001,64,TRUE,logBar,profit,ID,24,softplus,,,,
97,-1.290311098,-0.334939063,-0.324265987,1.414547205,0.410162568,0.420511007,1.755104423,0.489230037,0.515412867,13.09103886,7.826553607,1.73193994,3.451750306,0,0.001,0.01,64,FALSE,logBar,profit,ID,24,softplus,,0.154290974,0.19114688,1309.103886
66,-1.294611216,-0.334810197,-0.324356198,1.414547205,0.410162568,0.420511007,1.755104423,0.489230037,0.515412867,15.1276917,0.96416345,0.427888858,3.604021962,0,0.001,0.001,8,FALSE,logBar,profit,ID,24,softplus,,,,
65,-1.30650425,-0.333311796,-0.32962817,1.414547205,0.410162568,0.420511007,1.755104423,0.489230037,0.515412867,20.53247321,1.109646447,0.61352327,6.377883835,0,0.001,0.01,8,FALSE,logBar,profit,ID,24,softplus,,,,
69,-1.435690403,-0.332670599,-0.32426089,1.414547205,0.410162568,0.420511007,1.755104423,0.489230037,0.515412867,15.40095234,1.083331695,0.416462197,3.489990193,0,0.003,0.01,8,FALSE,logBar,profit,ID,24,softplus,,,,
73,-1.316483974,-0.317618519,-0.306813896,1.414547205,0.410162568,0.420511007,1.755104423,0.489230037,0.515412867,16.71505349,0.994333233,0.511395608,4.481147905,0,0.01,0.01,8,FALSE,logBar,profit,ID,24,softplus,,,,
77,-1.422034025,-0.285585552,-0.285937607,1.414547205,0.410162568,0.420511007,1.755104423,0.489230037,0.515412867,17.18028905,0.988868356,0.460760498,4.540934348,0,0.03,0.01,8,FALSE,logBar,profit,ID,24,softplus,,,,
105,-1.301405668,-0.285350144,-0.282570541,1.414547205,0.410162568,0.420511007,1.755104423,0.489230037,0.515412867,12.3476033,7.586089562,1.502730514,3.195129402,0,0.01,0.01,64,FALSE,logBar,profit,ID,24,softplus,,,,
101,-1.116615295,-0.275992572,-0.26570195,1.414547205,0.410162568,0.420511007,1.755104423,0.489230037,0.515412867,14.06976858,7.766566054,1.907952493,4.294791304,0,0.003,0.01,64,FALSE,logBar,profit,ID,24,softplus,,,,
70,-1.162418365,-0.239470363,-0.229617178,1.414547205,0.410162568,0.420511007,1.755104423,0.489230037,0.515412867,15.07970982,0.970581188,0.423068431,3.741455746,0,0.003,0.001,8,FALSE,logBar,profit,ID,24,softplus,,,,
98,-0.811003327,-0.198567033,-0.193160117,1.414547205,0.410162568,0.420511007,1.755104423,0.489230037,0.515412867,13.9680658,7.822321984,1.833892057,4.184057571,0,0.001,0.001,64,FALSE,logBar,profit,ID,24,softplus,,,,
67,-0.823758364,-0.185062766,-0.183238149,1.414547205,0.410162568,0.420511007,1.755104423,0.489230037,0.515412867,16.53230308,0.954712964,0.495503421,4.246875422,0,0.001,0.0001,8,FALSE,logBar,profit,ID,24,softplus,,,,
78,-0.813584447,-0.18072778,-0.167201161,1.414547205,0.410162568,0.420511007,1.755104423,0.489230037,0.515412867,14.64342736,0.985173136,0.38125453,3.694577351,0,0.03,0.001,8,FALSE,logBar,profit,ID,24,softplus,,,,
74,-0.926900387,-0.17404747,-0.162231266,1.414547205,0.410162568,0.420511007,1.755104423,0.489230037,0.515412867,15.98529145,0.938099924,0.501852227,4.44333058,0,0.01,0.001,8,FALSE,logBar,profit,ID,24,softplus,,,,
102,-0.813467979,-0.169020295,-0.16122216,1.414547205,0.410162568,0.420511007,1.755104423,0.489230037,0.515412867,12.54503812,7.730619626,1.475640402,3.252222536,0,0.003,0.001,64,FALSE,logBar,profit,ID,24,softplus,,,,
71,-0.81824249,-0.163098872,-0.141690731,1.414547205,0.410162568,0.420511007,1.755104423,0.489230037,0.515412867,15.29993199,0.960870191,0.43564373,4.097614468,0,0.003,0.0001,8,FALSE,logBar,profit,ID,24,softplus,,,,
109,-0.752077997,-0.147159904,-0.132827222,1.414547205,0.410162568,0.420511007,1.755104423,0.489230037,0.515412867,14.74540835,7.208354983,2.196219716,5.176828384,0,0.03,0.01,64,FALSE,logBar,profit,ID,24,softplus,,,,
81,-0.864337802,-0.134949356,-0.13318868,1.414547205,0.410162568,0.420511007,1.755104423,0.489230037,0.515412867,18.67153308,1.062651597,0.426794146,6.36022106,0,0.1,0.01,8,FALSE,logBar,profit,ID,24,softplus,,,,
89,-1.163495779,-0.124405622,-0.100943923,1.414547205,0.410162568,0.420511007,1.755104423,0.489230037,0.515412867,17.30452521,1.0776116,0.288584757,6.281728098,0,1,0.01,8,FALSE,logBar,profit,ID,24,softplus,,,,
125,-0.819497168,-0.106895387,-0.122387826,1.414547205,0.410162568,0.420511007,1.755104423,0.489230037,0.515412867,12.58740158,7.777497794,1.307145243,3.403474413,0,3,0.01,64,FALSE,logBar,profit,ID,24,softplus,,,,
82,-0.868145823,-0.076801091,-0.06991218,1.414547205,0.410162568,0.420511007,1.755104423,0.489230037,0.515412867,12.85789926,0.939299072,0.250060585,3.096573162,0,0.1,0.001,8,FALSE,logBar,profit,ID,24,softplus,,,,
93,-1.003718495,-0.055290937,-0.051118433,1.414547205,0.410162568,0.420511007,1.755104423,0.489230037,0.515412867,17.33927803,1.049654774,0.261992345,6.276810092,0,3,0.01,8,FALSE,logBar,profit,ID,24,softplus,,,,
85,-0.31563139,0.117950365,0.113218315,1.414547205,0.410162568,0.420511007,1.755104423,0.489230037,0.515412867,17.93633986,1.051425626,0.28095493,6.519633824,0,0.3,0.01,8,FALSE,logBar,profit,ID,24,softplus,,,,
94,-0.150529861,0.134422272,0.139824659,1.414547205,0.410162568,0.420511007,1.755104423,0.489230037,0.515412867,16.16140179,1.093575365,0.234327452,5.311319477,0,3,0.001,8,FALSE,logBar,profit,ID,24,softplus,,,,
86,-0.18143931,0.14117758,0.141739979,1.414547205,0.410162568,0.420511007,1.755104423,0.489230037,0.515412867,16.29727282,0.988407169,0.313773708,5.028811985,0,0.3,0.001,8,FALSE,logBar,profit,ID,24,softplus,,,,
99,0.427188873,0.147206187,0.142707974,1.414547205,0.410162568,0.420511007,1.755104423,0.489230037,0.515412867,12.56015818,7.699678443,1.481189871,3.299291364,0,0.001,0.0001,64,FALSE,logBar,profit,ID,24,softplus,,,,
126,0.349418402,0.172172785,0.157989606,1.414547205,0.410162568,0.420511007,1.755104423,0.489230037,0.515412867,11.92800343,7.651282242,1.117670624,3.068305284,0,3,0.001,64,FALSE,logBar,profit,ID,24,softplus,,,,
91,0.160727143,0.180056185,0.188622117,1.414547205,0.410162568,0.420511007,1.755104423,0.489230037,0.515412867,15.22919126,1.058333143,0.253580475,4.610512746,0,1,0.0001,8,FALSE,logBar,profit,ID,24,softplus,,,,
95,0.101870716,0.18098107,0.168975353,1.414547205,0.410162568,0.420511007,1.755104423,0.489230037,0.515412867,12.29834033,0.974441822,0.153588904,3.174699914,0,3,0.0001,8,FALSE,logBar,profit,ID,24,softplus,,,,
90,0.158519506,0.184761971,0.191385329,1.414547205,0.410162568,0.420511007,1.755104423,0.489230037,0.515412867,17.45582936,1.039421543,0.347387352,6.124616477,0,1,0.001,8,FALSE,logBar,profit,ID,24,softplus,,,,
87,0.178737521,0.195567369,0.199035913,1.414547205,0.410162568,0.420511007,1.755104423,0.489230037,0.515412867,14.92620844,1.02945129,0.280311717,4.28127693,0,0.3,0.0001,8,FALSE,logBar,profit,ID,24,softplus,,,,
75,0.154616594,0.195983306,0.200861096,1.414547205,0.410162568,0.420511007,1.755104423,0.489230037,0.515412867,16.01067331,1.029479994,0.374148431,4.500017555,0,0.01,0.0001,8,FALSE,logBar,profit,ID,24,softplus,,,,
79,0.15088582,0.197211444,0.201403469,1.414547205,0.410162568,0.420511007,1.755104423,0.489230037,0.515412867,15.9370822,1.007721153,0.372163952,4.781565849,0,0.03,0.0001,8,FALSE,logBar,profit,ID,24,softplus,,,,
83,0.144058466,0.197211444,0.201541007,1.414547205,0.410162568,0.420511007,1.755104423,0.489230037,0.515412867,15.70543828,0.95438242,0.317657216,4.73842047,0,0.1,0.0001,8,FALSE,logBar,profit,ID,24,softplus,,,,
122,0.173535943,0.200645983,0.197124869,1.414547205,0.410162568,0.420511007,1.755104423,0.489230037,0.515412867,14.43603181,7.331996558,1.901000299,5.026407965,0,1,0.001,64,FALSE,logBar,profit,ID,24,softplus,,,,
110,0.178503871,0.203132629,0.208749145,1.414547205,0.410162568,0.420511007,1.755104423,0.489230037,0.515412867,14.13983824,6.948480213,2.015571757,5.014489768,0,0.03,0.001,64,FALSE,logBar,profit,ID,24,softplus,,,,
106,0.178175211,0.204256028,0.209818512,1.414547205,0.410162568,0.420511007,1.755104423,0.489230037,0.515412867,14.37786872,6.994451544,2.014372575,5.195172034,0,0.01,0.001,64,FALSE,logBar,profit,ID,24,softplus,,,,
114,0.178556323,0.204626024,0.208749145,1.414547205,0.410162568,0.420511007,1.755104423,0.489230037,0.515412867,14.57399741,7.052525202,2.004213643,5.322569646,0,0.1,0.001,64,FALSE,logBar,profit,ID,24,softplus,,,,
118,0.178556323,0.204626024,0.208749145,1.414547205,0.410162568,0.420511007,1.755104423,0.489230037,0.515412867,14.5019609,7.261528488,1.972722622,5.151649308,0,0.3,0.001,64,FALSE,logBar,profit,ID,24,softplus,,,,
113,0.184586525,0.207858592,0.208749145,1.414547205,0.410162568,0.420511007,1.755104423,0.489230037,0.515412867,16.04428265,6.694454571,2.377080728,6.523490503,0,0.1,0.01,64,FALSE,logBar,profit,ID,24,softplus,,,,
117,0.184586525,0.207858592,0.208749145,1.414547205,0.410162568,0.420511007,1.755104423,0.489230037,0.515412867,15.37259644,6.625040671,2.212622832,6.143634295,0,0.3,0.01,64,FALSE,logBar,profit,ID,24,softplus,,,,
121,0.183912516,0.208015949,0.208749145,1.414547205,0.410162568,0.420511007,1.755104423,0.489230037,0.515412867,14.70469539,6.607817584,2.208805117,5.673619731,0,1,0.01,64,FALSE,logBar,profit,ID,24,softplus,,,,
68,0.559463382,0.237505749,0.229433388,1.414547205,0.410162568,0.420511007,1.755104423,0.489230037,0.515412867,15.08320708,0.990315588,0.429827817,3.745421344,0,0.001,1.00E-05,8,FALSE,logBar,profit,ID,24,softplus,,,,
123,0.610966206,0.252148062,0.257170588,1.414547205,0.410162568,0.420511007,1.755104423,0.489230037,0.515412867,11.81066356,7.506675903,1.120661906,3.103028401,0,1,0.0001,64,FALSE,logBar,profit,ID,24,softplus,,,,
103,0.590505838,0.254149228,0.255040735,1.414547205,0.410162568,0.420511007,1.755104423,0.489230037,0.515412867,12.36304649,7.591610435,1.357306261,3.359079034,0,0.003,0.0001,64,FALSE,logBar,profit,ID,24,softplus,,,,
107,0.611045837,0.257185429,0.261318117,1.414547205,0.410162568,0.420511007,1.755104423,0.489230037,0.515412867,12.28815358,7.624454528,1.330152561,3.252733839,0,0.01,0.0001,64,FALSE,logBar,profit,ID,24,softplus,,,,
111,0.611792326,0.257185429,0.261159807,1.414547205,0.410162568,0.420511007,1.755104423,0.489230037,0.515412867,12.23599406,7.577336354,1.314049206,3.262908055,0,0.03,0.0001,64,FALSE,logBar,profit,ID,24,softplus,,,,
115,0.610496283,0.257185429,0.261159807,1.414547205,0.410162568,0.420511007,1.755104423,0.489230037,0.515412867,12.66710157,6.785568325,1.8661016,3.954354884,0,0.1,0.0001,64,FALSE,logBar,profit,ID,24,softplus,,,,
119,0.611792326,0.257185429,0.261159807,1.414547205,0.410162568,0.420511007,1.755104423,0.489230037,0.515412867,11.99780099,7.556039815,1.271160523,3.098145882,0,0.3,0.0001,64,FALSE,logBar,profit,ID,24,softplus,,,,
92,0.681162119,0.27106604,0.270533025,1.414547205,0.410162568,0.420511007,1.755104423,0.489230037,0.515412867,12.52349592,0.976834799,0.180634214,3.250991039,0,1,1.00E-05,8,FALSE,logBar,profit,ID,24,softplus,,,,
76,0.679193377,0.273389518,0.267516702,1.414547205,0.410162568,0.420511007,1.755104423,0.489230037,0.515412867,13.58009579,0.924171979,0.318810488,3.824111441,0,0.01,1.00E-05,8,FALSE,logBar,profit,ID,24,softplus,,,,
80,0.679193377,0.273389518,0.267516702,1.414547205,0.410162568,0.420511007,1.755104423,0.489230037,0.515412867,12.73467362,0.942215783,0.239425759,3.109329562,0,0.03,1.00E-05,8,FALSE,logBar,profit,ID,24,softplus,,,,
84,0.679193377,0.273389518,0.267516702,1.414547205,0.410162568,0.420511007,1.755104423,0.489230037,0.515412867,12.74357187,0.937900503,0.194886731,3.207113093,0,0.1,1.00E-05,8,FALSE,logBar,profit,ID,24,softplus,,,,
88,0.681665182,0.273546904,0.267516702,1.414547205,0.410162568,0.420511007,1.755104423,0.489230037,0.515412867,12.73676345,0.943908431,0.208474277,3.213822851,0,0.3,1.00E-05,8,FALSE,logBar,profit,ID,24,softplus,,,,
72,0.670108914,0.277516335,0.26824674,1.414547205,0.410162568,0.420511007,1.755104423,0.489230037,0.515412867,14.40876933,0.980247997,0.341786852,3.842036319,0,0.003,1.00E-05,8,FALSE,logBar,profit,ID,24,softplus,,,,
96,1.386111736,0.439312935,0.380741715,1.414547205,0.410162568,0.420511007,1.755104423,0.489230037,0.515412867,12.28610648,0.959722377,0.164443521,3.150360061,0,3,1.00E-05,8,FALSE,logBar,profit,ID,24,softplus,,,,
127,1.572663188,0.47669512,0.431654036,1.414547205,0.410162568,0.420511007,1.755104423,0.489230037,0.515412867,11.04610712,7.45413638,0.961599778,2.573513734,0,3,0.0001,64,FALSE,logBar,profit,ID,24,softplus,,,,
100,1.643783689,0.502878666,0.477850676,1.414547205,0.410162568,0.420511007,1.755104423,0.489230037,0.515412867,12.42580317,7.686254023,1.517026828,3.183911659,0,0.001,1.00E-05,64,FALSE,logBar,profit,ID,24,softplus,,,,
104,1.673478961,0.502878666,0.477850676,1.414547205,0.410162568,0.420511007,1.755104423,0.489230037,0.515412867,12.32660084,7.612823927,1.357792206,3.300867753,0,0.003,1.00E-05,64,FALSE,logBar,profit,ID,24,softplus,,,,
108,1.673478961,0.502878666,0.477850676,1.414547205,0.410162568,0.420511007,1.755104423,0.489230037,0.515412867,12.31094621,7.612591405,1.374583751,3.268360964,0,0.01,1.00E-05,64,FALSE,logBar,profit,ID,24,softplus,,,,
112,1.673478961,0.502878666,0.477850676,1.414547205,0.410162568,0.420511007,1.755104423,0.489230037,0.515412867,12.26864179,7.624341388,1.351064278,3.221089355,0,0.03,1.00E-05,64,FALSE,logBar,profit,ID,24,softplus,,,,
116,1.673478961,0.502878666,0.477850676,1.414547205,0.410162568,0.420511007,1.755104423,0.489230037,0.515412867,12.14044812,7.549406651,1.290074569,3.223373679,0,0.1,1.00E-05,64,FALSE,logBar,profit,ID,24,softplus,,,,
120,1.673478961,0.502878666,0.477850676,1.414547205,0.410162568,0.420511007,1.755104423,0.489230037,0.515412867,11.98069042,7.569354509,1.222321574,3.132768998,0,0.3,1.00E-05,64,FALSE,logBar,profit,ID,24,softplus,,,,
124,1.673478961,0.502878666,0.477850676,1.414547205,0.410162568,0.420511007,1.755104423,0.489230037,0.515412867,11.6736936,7.473857346,1.161879996,2.991574019,0,1,1.00E-05,64,FALSE,logBar,profit,ID,24,softplus,,,,
128,1.870757818,0.545736492,0.523368716,1.414547205,0.410162568,0.420511007,1.755104423,0.489230037,0.515412867,14.49424756,6.829009489,1.68452436,5.75126368,0,3,1.00E-05,64,FALSE,logBar,profit,ID,24,softplus,,,,
