a_config,a_profit_train,a_profit_val,a_profit_test,a_profit_train_fc,a_profit_val_fc,a_profit_test_fc,ab_profit_PF_train,ab_profit_PF_val,ab_profit_PF_test,b_train_time_per_epoch,b_train_time_forward,b_train_time_backward,b_train_time_val,hp_reg,hp_gamma,hp_lr,hp_bs,hp_ws,smoothing,loss,framework,,regret_val,regret_test,train_time
4,-1.426507354,-0.415289044,-0.42149052,1.414547205,0.410162568,0.420511007,1.755104423,0.489230037,0.515412867,19.60023802,1.062424689,0.61607527,6.27223988,0,0.001,1.00E-05,8,TRUE,logBar,profit,ID,,0.073940992,0.093922347,1960.023802
3,-1.411490202,-0.415286988,-0.420878321,1.414547205,0.410162568,0.420511007,1.755104423,0.489230037,0.515412867,18.82823522,0.941152025,0.577144543,5.764027578,0,0.001,0.0001,8,TRUE,logBar,profit,ID,,,,
36,-1.413947821,-0.41430819,-0.419104695,1.414547205,0.410162568,0.420511007,1.755104423,0.489230037,0.515412867,14.83510666,6.760145759,2.228383216,5.746522536,0,0.001,1.00E-05,64,TRUE,logBar,profit,ID,,,,
35,-1.418301582,-0.413552463,-0.419392526,1.414547205,0.410162568,0.420511007,1.755104423,0.489230037,0.515412867,14.14124473,6.676499128,2.190119928,5.15796576,0,0.001,0.0001,64,TRUE,logBar,profit,ID,,,,
8,-1.434523344,-0.413078099,-0.411655068,1.414547205,0.410162568,0.420511007,1.755104423,0.489230037,0.515412867,17.74143647,0.959630958,0.409054592,5.994937839,0,0.003,1.00E-05,8,TRUE,logBar,profit,ID,,,,
28,-1.42223537,-0.412653923,-0.419609189,1.414547205,0.410162568,0.420511007,1.755104423,0.489230037,0.515412867,16.67041025,0.951418942,0.281541849,5.790952082,0,1,1.00E-05,8,TRUE,logBar,profit,ID,,,,
12,-1.426947474,-0.412524998,-0.42166096,1.414547205,0.410162568,0.420511007,1.755104423,0.489230037,0.515412867,17.37280437,1.073451429,0.37369622,5.979066175,0,0.01,1.00E-05,8,TRUE,logBar,profit,ID,,,,
16,-1.426947474,-0.412524998,-0.422938168,1.414547205,0.410162568,0.420511007,1.755104423,0.489230037,0.515412867,17.28888474,1.011096182,0.351805194,5.919955262,0,0.03,1.00E-05,8,TRUE,logBar,profit,ID,,,,
20,-1.426947474,-0.412524998,-0.422938168,1.414547205,0.410162568,0.420511007,1.755104423,0.489230037,0.515412867,17.00503628,1.004367458,0.369073449,5.820575073,0,0.1,1.00E-05,8,TRUE,logBar,profit,ID,,,,
24,-1.426947474,-0.412524998,-0.422938168,1.414547205,0.410162568,0.420511007,1.755104423,0.489230037,0.515412867,16.35699018,1.07167641,0.284970325,5.330997788,0,0.3,1.00E-05,8,TRUE,logBar,profit,ID,,,,
40,-1.43754673,-0.411958843,-0.418559462,1.414547205,0.410162568,0.420511007,1.755104423,0.489230037,0.515412867,14.51723818,6.704500091,1.975501679,5.723099822,0,0.003,1.00E-05,64,TRUE,logBar,profit,ID,,,,
32,-1.433197618,-0.411827981,-0.424120128,1.414547205,0.410162568,0.420511007,1.755104423,0.489230037,0.515412867,16.29898953,1.039708877,0.238645633,5.688600389,0,3,1.00E-05,8,TRUE,logBar,profit,ID,,,,
44,-1.429566979,-0.411591649,-0.420344949,1.414547205,0.410162568,0.420511007,1.755104423,0.489230037,0.515412867,14.4088722,6.677264676,1.884033862,5.761332844,0,0.01,1.00E-05,64,TRUE,logBar,profit,ID,,,,
48,-1.429566979,-0.411591649,-0.420344949,1.414547205,0.410162568,0.420511007,1.755104423,0.489230037,0.515412867,14.83293043,6.594415323,2.018482171,6.148826926,0,0.03,1.00E-05,64,TRUE,logBar,profit,ID,,,,
52,-1.429566979,-0.411591649,-0.420344949,1.414547205,0.410162568,0.420511007,1.755104423,0.489230037,0.515412867,14.48558971,6.561034525,2.030405306,5.837687693,0,0.1,1.00E-05,64,TRUE,logBar,profit,ID,,,,
56,-1.429566979,-0.411591649,-0.420344949,1.414547205,0.410162568,0.420511007,1.755104423,0.489230037,0.515412867,14.20381224,6.720226657,1.902171051,5.508502105,0,0.3,1.00E-05,64,TRUE,logBar,profit,ID,,,,
60,-1.429566979,-0.411591649,-0.420344949,1.414547205,0.410162568,0.420511007,1.755104423,0.489230037,0.515412867,14.56337603,6.72330581,1.905013141,5.862284773,0,1,1.00E-05,64,TRUE,logBar,profit,ID,,,,
39,-1.436226845,-0.410873562,-0.416672617,1.414547205,0.410162568,0.420511007,1.755104423,0.489230037,0.515412867,13.99830411,6.626731166,2.02372568,5.263148155,0,0.003,0.0001,64,TRUE,logBar,profit,ID,,,,
63,-1.425364494,-0.410780489,-0.418650657,1.414547205,0.410162568,0.420511007,1.755104423,0.489230037,0.515412867,13.90117176,6.736086978,1.739426083,5.1632058,0,3,0.0001,64,TRUE,logBar,profit,ID,,,,
64,-1.425364494,-0.410780489,-0.418192655,1.414547205,0.410162568,0.420511007,1.755104423,0.489230037,0.515412867,14.12474633,6.761262274,1.673616443,5.550123944,0,3,1.00E-05,64,TRUE,logBar,profit,ID,,,,
43,-1.427111745,-0.410416305,-0.418764949,1.414547205,0.410162568,0.420511007,1.755104423,0.489230037,0.515412867,13.79682802,6.64676066,1.836107186,5.204690729,0,0.01,0.0001,64,TRUE,logBar,profit,ID,,,,
47,-1.427111745,-0.410416305,-0.418764949,1.414547205,0.410162568,0.420511007,1.755104423,0.489230037,0.515412867,14.74637395,6.685050113,2.087990854,5.819380939,0,0.03,0.0001,64,TRUE,logBar,profit,ID,,,,
51,-1.427111745,-0.410416305,-0.418764949,1.414547205,0.410162568,0.420511007,1.755104423,0.489230037,0.515412867,14.79025507,6.38513967,2.004608299,6.249461029,0,0.1,0.0001,64,TRUE,logBar,profit,ID,,,,
55,-1.427111745,-0.410416305,-0.418764949,1.414547205,0.410162568,0.420511007,1.755104423,0.489230037,0.515412867,14.30062446,6.758877771,1.747823519,5.719889675,0,0.3,0.0001,64,TRUE,logBar,profit,ID,,,,
59,-1.426140666,-0.410414517,-0.417706519,1.414547205,0.410162568,0.420511007,1.755104423,0.489230037,0.515412867,15.34267287,6.627380062,1.937765404,6.503447118,0,1,0.0001,64,TRUE,logBar,profit,ID,,,,
1,-1.414547205,-0.410162508,-0.420511037,1.414547205,0.410162568,0.420511007,1.755104423,0.489230037,0.515412867,20.39293925,2.014875082,0.494275079,5.222156703,0,0.001,0.01,8,TRUE,logBar,profit,ID,,,,
2,-1.414547205,-0.410162508,-0.420511037,1.414547205,0.410162568,0.420511007,1.755104423,0.489230037,0.515412867,19.05654561,0.972881174,0.60721302,5.896171451,0,0.001,0.001,8,TRUE,logBar,profit,ID,,,,
5,-1.414547205,-0.410162508,-0.420511037,1.414547205,0.410162568,0.420511007,1.755104423,0.489230037,0.515412867,18.47488645,1.687086143,0.498519523,5.127968299,0,0.003,0.01,8,TRUE,logBar,profit,ID,,,,
6,-1.414547205,-0.410162508,-0.420511037,1.414547205,0.410162568,0.420511007,1.755104423,0.489230037,0.515412867,18.69808397,0.934901326,0.617282329,5.800854445,0,0.003,0.001,8,TRUE,logBar,profit,ID,,,,
7,-1.414547205,-0.410162508,-0.420511037,1.414547205,0.410162568,0.420511007,1.755104423,0.489230037,0.515412867,18.38206882,1.064534532,0.482477771,6.002028863,0,0.003,0.0001,8,TRUE,logBar,profit,ID,,,,
9,-1.414547205,-0.410162508,-0.420511037,1.414547205,0.410162568,0.420511007,1.755104423,0.489230037,0.515412867,15.47879081,0.94286468,0.279641558,3.40304609,0,0.01,0.01,8,TRUE,logBar,profit,ID,,,,
10,-1.414547205,-0.410162508,-0.420511037,1.414547205,0.410162568,0.420511007,1.755104423,0.489230037,0.515412867,18.53607566,1.067188113,0.609681597,5.722203378,0,0.01,0.001,8,TRUE,logBar,profit,ID,,,,
11,-1.414547205,-0.410162508,-0.420511037,1.414547205,0.410162568,0.420511007,1.755104423,0.489230037,0.515412867,17.55624124,0.963952533,0.481031727,5.429710318,0,0.01,0.0001,8,TRUE,logBar,profit,ID,,,,
13,-1.414547205,-0.410162508,-0.420511037,1.414547205,0.410162568,0.420511007,1.755104423,0.489230037,0.515412867,17.16628946,1.01942681,0.40380298,5.296289072,0,0.03,0.01,8,TRUE,logBar,profit,ID,,,,
14,-1.414547205,-0.410162508,-0.420511037,1.414547205,0.410162568,0.420511007,1.755104423,0.489230037,0.515412867,17.95254977,1.045062586,0.55213794,5.556330566,0,0.03,0.001,8,TRUE,logBar,profit,ID,,,,
15,-1.414547205,-0.410162508,-0.420511037,1.414547205,0.410162568,0.420511007,1.755104423,0.489230037,0.515412867,17.63803077,1.036472374,0.385873706,6.225341373,0,0.03,0.0001,8,TRUE,logBar,profit,ID,,,,
17,-1.414547205,-0.410162508,-0.420511037,1.414547205,0.410162568,0.420511007,1.755104423,0.489230037,0.515412867,17.33956416,0.991961835,0.304495694,6.083056488,0,0.1,0.01,8,TRUE,logBar,profit,ID,,,,
18,-1.414547205,-0.410162508,-0.420511037,1.414547205,0.410162568,0.420511007,1.755104423,0.489230037,0.515412867,17.39474861,1.006654183,0.390527743,5.758090434,0,0.1,0.001,8,TRUE,logBar,profit,ID,,,,
19,-1.414547205,-0.410162508,-0.420511037,1.414547205,0.410162568,0.420511007,1.755104423,0.489230037,0.515412867,17.26637093,1.039504952,0.351948694,6.073227353,0,0.1,0.0001,8,TRUE,logBar,profit,ID,,,,
21,-1.414547205,-0.410162508,-0.420511037,1.414547205,0.410162568,0.420511007,1.755104423,0.489230037,0.515412867,14.76413362,1.001098021,0.228263843,4.594033265,0,0.3,0.01,8,TRUE,logBar,profit,ID,,,,
22,-1.414547205,-0.410162508,-0.420511037,1.414547205,0.410162568,0.420511007,1.755104423,0.489230037,0.515412867,17.33598926,1.109602045,0.358159463,5.937523065,0,0.3,0.001,8,TRUE,logBar,profit,ID,,,,
23,-1.414547205,-0.410162508,-0.420511037,1.414547205,0.410162568,0.420511007,1.755104423,0.489230037,0.515412867,16.63648109,1.003796975,0.308209737,5.232057916,0,0.3,0.0001,8,TRUE,logBar,profit,ID,,,,
25,-1.414547205,-0.410162508,-0.420511037,1.414547205,0.410162568,0.420511007,1.755104423,0.489230037,0.515412867,16.8772256,1.095094218,0.246676291,5.904276027,0,1,0.01,8,TRUE,logBar,profit,ID,,,,
26,-1.414547205,-0.410162508,-0.420511037,1.414547205,0.410162568,0.420511007,1.755104423,0.489230037,0.515412867,16.78940753,1.098889722,0.285522223,6.166386286,0,1,0.001,8,TRUE,logBar,profit,ID,,,,
27,-1.414547205,-0.410162508,-0.420511037,1.414547205,0.410162568,0.420511007,1.755104423,0.489230037,0.515412867,17.19760962,1.058680102,0.309262408,6.191309364,0,1,0.0001,8,TRUE,logBar,profit,ID,,,,
29,-1.414547205,-0.410162508,-0.420511037,1.414547205,0.410162568,0.420511007,1.755104423,0.489230037,0.515412867,16.86992185,1.092620182,0.248761113,6.11746676,0,3,0.01,8,TRUE,logBar,profit,ID,,,,
30,-1.414547205,-0.410162508,-0.420511037,1.414547205,0.410162568,0.420511007,1.755104423,0.489230037,0.515412867,16.43846137,1.007116079,0.242903294,5.829877641,0,3,0.001,8,TRUE,logBar,profit,ID,,,,
31,-1.414547205,-0.410162508,-0.420511037,1.414547205,0.410162568,0.420511007,1.755104423,0.489230037,0.515412867,16.81613269,1.089023043,0.252290514,6.13287403,0,3,0.0001,8,TRUE,logBar,profit,ID,,,,
33,-1.414547205,-0.410162508,-0.420511037,1.414547205,0.410162568,0.420511007,1.755104423,0.489230037,0.515412867,15.03792073,6.903689012,2.13913921,5.863110624,0,0.001,0.01,64,TRUE,logBar,profit,ID,,,,
34,-1.414547205,-0.410162508,-0.420511037,1.414547205,0.410162568,0.420511007,1.755104423,0.489230037,0.515412867,13.84743083,6.653889647,2.137739323,4.929345943,0,0.001,0.001,64,TRUE,logBar,profit,ID,,,,
37,-1.414547205,-0.410162508,-0.420511037,1.414547205,0.410162568,0.420511007,1.755104423,0.489230037,0.515412867,14.79045052,6.84421885,2.156637464,5.587733558,0,0.003,0.01,64,TRUE,logBar,profit,ID,,,,
38,-1.414547205,-0.410162508,-0.420511037,1.414547205,0.410162568,0.420511007,1.755104423,0.489230037,0.515412867,14.44389445,6.457982293,2.155012961,5.707812451,0,0.003,0.001,64,TRUE,logBar,profit,ID,,,,
41,-1.414547205,-0.410162508,-0.420511037,1.414547205,0.410162568,0.420511007,1.755104423,0.489230037,0.515412867,14.73235386,6.795617695,2.093325686,5.636255229,0,0.01,0.01,64,TRUE,logBar,profit,ID,,,,
42,-1.414547205,-0.410162508,-0.420511037,1.414547205,0.410162568,0.420511007,1.755104423,0.489230037,0.515412867,13.9014575,6.624573672,2.007222123,5.079118402,0,0.01,0.001,64,TRUE,logBar,profit,ID,,,,
45,-1.414547205,-0.410162508,-0.420511037,1.414547205,0.410162568,0.420511007,1.755104423,0.489230037,0.515412867,14.6168233,6.528447363,2.229224956,5.703741709,0,0.03,0.01,64,TRUE,logBar,profit,ID,,,,
46,-1.414547205,-0.410162508,-0.420511037,1.414547205,0.410162568,0.420511007,1.755104423,0.489230037,0.515412867,14.82578057,6.711069672,1.865480917,5.981928746,0,0.03,0.001,64,TRUE,logBar,profit,ID,,,,
49,-1.414547205,-0.410162508,-0.420511037,1.414547205,0.410162568,0.420511007,1.755104423,0.489230037,0.515412867,13.96101138,6.725913825,2.087552336,5.01805596,0,0.1,0.01,64,TRUE,logBar,profit,ID,,,,
50,-1.414547205,-0.410162508,-0.420511037,1.414547205,0.410162568,0.420511007,1.755104423,0.489230037,0.515412867,14.38405882,6.680125245,2.067104543,5.514747929,0,0.1,0.001,64,TRUE,logBar,profit,ID,,,,
53,-1.414547205,-0.410162508,-0.420511037,1.414547205,0.410162568,0.420511007,1.755104423,0.489230037,0.515412867,14.36400745,6.624712538,1.784199882,5.893184017,0,0.3,0.01,64,TRUE,logBar,profit,ID,,,,
54,-1.414547205,-0.410162508,-0.420511037,1.414547205,0.410162568,0.420511007,1.755104423,0.489230037,0.515412867,14.39218929,6.714087857,2.037884359,5.521686572,0,0.3,0.001,64,TRUE,logBar,profit,ID,,,,
57,-1.414547205,-0.410162508,-0.420511037,1.414547205,0.410162568,0.420511007,1.755104423,0.489230037,0.515412867,14.12964743,6.677547261,1.599072174,5.727920285,0,1,0.01,64,TRUE,logBar,profit,ID,,,,
58,-1.414547205,-0.410162508,-0.420511037,1.414547205,0.410162568,0.420511007,1.755104423,0.489230037,0.515412867,14.32609068,6.787867467,1.877869262,5.48643023,0,1,0.001,64,TRUE,logBar,profit,ID,,,,
61,-1.414547205,-0.410162508,-0.420511037,1.414547205,0.410162568,0.420511007,1.755104423,0.489230037,0.515412867,14.81885759,6.816439099,1.85266191,5.974948486,0,3,0.01,64,TRUE,logBar,profit,ID,,,,
62,-1.414547205,-0.410162508,-0.420511037,1.414547205,0.410162568,0.420511007,1.755104423,0.489230037,0.515412867,14.24649688,6.476836884,1.719268366,5.915224605,0,3,0.001,64,TRUE,logBar,profit,ID,,,,
65,-1.382293105,-0.341269463,-0.353308141,1.414547205,0.410162568,0.420511007,1.755104423,0.489230037,0.515412867,20.30761096,1.073956098,0.519404691,5.616689935,0,0.001,0.01,8,FALSE,logBar,profit,ID,,0.147960573,0.162104726,2030.761096
73,-1.574623108,-0.31276232,-0.286907256,1.414547205,0.410162568,0.420511007,1.755104423,0.489230037,0.515412867,14.28494442,0.889342368,0.249212165,2.79736473,0,0.01,0.01,8,FALSE,logBar,profit,ID,,,,
97,-1.326748848,-0.298910171,-0.320387125,1.414547205,0.410162568,0.420511007,1.755104423,0.489230037,0.515412867,11.88177394,7.480011782,1.306892563,3.034179144,0,0.001,0.01,64,FALSE,logBar,profit,ID,,,,
69,-1.428800106,-0.288845181,-0.277232528,1.414547205,0.410162568,0.420511007,1.755104423,0.489230037,0.515412867,18.58192319,1.111438088,0.494187673,5.490063812,0,0.003,0.01,8,FALSE,logBar,profit,ID,,,,
77,-1.542427778,-0.280431062,-0.256084085,1.414547205,0.410162568,0.420511007,1.755104423,0.489230037,0.515412867,14.55998634,0.974265932,0.317965241,3.912537709,0,0.03,0.01,8,FALSE,logBar,profit,ID,,,,
66,-1.33112061,-0.258464932,-0.254826516,1.414547205,0.410162568,0.420511007,1.755104423,0.489230037,0.515412867,19.81393901,1.023322263,0.589564467,6.281829856,0,0.001,0.001,8,FALSE,logBar,profit,ID,,,,
98,-1.314113259,-0.252047092,-0.231151342,1.414547205,0.410162568,0.420511007,1.755104423,0.489230037,0.515412867,11.56704439,7.228706024,1.273477163,3.003386342,0,0.001,0.001,64,FALSE,logBar,profit,ID,,,,
67,-1.281147957,-0.23193723,-0.206614256,1.414547205,0.410162568,0.420511007,1.755104423,0.489230037,0.515412867,14.17692748,0.93144808,0.383755716,3.431369239,0,0.001,0.0001,8,FALSE,logBar,profit,ID,,,,
70,-1.217065573,-0.22856012,-0.225814253,1.414547205,0.410162568,0.420511007,1.755104423,0.489230037,0.515412867,19.0485851,1.064555734,0.605114299,5.816273795,0,0.003,0.001,8,FALSE,logBar,profit,ID,,,,
101,-1.191448927,-0.221458435,-0.213191241,1.414547205,0.410162568,0.420511007,1.755104423,0.489230037,0.515412867,13.85065793,7.264544772,2.010227944,4.434221791,0,0.003,0.01,64,FALSE,logBar,profit,ID,,,,
102,-1.113857269,-0.219287634,-0.198564082,1.414547205,0.410162568,0.420511007,1.755104423,0.489230037,0.515412867,11.44698109,7.276029339,1.187921451,2.90788566,0,0.003,0.001,64,FALSE,logBar,profit,ID,,,,
74,-1.359024405,-0.206610858,-0.206986457,1.414547205,0.410162568,0.420511007,1.755104423,0.489230037,0.515412867,16.07528274,0.957901866,0.489151188,4.065490195,0,0.01,0.001,8,FALSE,logBar,profit,ID,,,,
105,-1.288836718,-0.189312875,-0.197596207,1.414547205,0.410162568,0.420511007,1.755104423,0.489230037,0.515412867,14.08681857,7.405438835,1.914827,4.610097343,0,0.01,0.01,64,FALSE,logBar,profit,ID,,,,
71,-1.121734619,-0.178715944,-0.156356335,1.414547205,0.410162568,0.420511007,1.755104423,0.489230037,0.515412867,14.01535832,0.970520769,0.367752786,3.449863698,0,0.003,0.0001,8,FALSE,logBar,profit,ID,,,,
81,-1.442239046,-0.178093582,-0.145905793,1.414547205,0.410162568,0.420511007,1.755104423,0.489230037,0.515412867,16.25901508,0.9803023,0.325466223,5.075368982,0,0.1,0.01,8,FALSE,logBar,profit,ID,,,,
75,-0.943285823,-0.137789011,-0.100575864,1.414547205,0.410162568,0.420511007,1.755104423,0.489230037,0.515412867,12.28785697,0.882012904,0.267814539,2.853551772,0,0.01,0.0001,8,FALSE,logBar,profit,ID,,,,
94,-0.983730435,-0.133210033,-0.167310596,1.414547205,0.410162568,0.420511007,1.755104423,0.489230037,0.515412867,15.85951991,0.991546507,0.24034607,5.309662704,0,3,0.001,8,FALSE,logBar,profit,ID,,,,
85,-1.350798607,-0.130996346,-0.125320047,1.414547205,0.410162568,0.420511007,1.755104423,0.489230037,0.515412867,12.8182459,0.976973052,0.187094986,3.582765542,0,0.3,0.01,8,FALSE,logBar,profit,ID,,,,
106,-0.865217447,-0.114152998,-0.061564833,1.414547205,0.410162568,0.420511007,1.755104423,0.489230037,0.515412867,12.74892298,7.566287245,1.597307151,3.494069283,0,0.01,0.001,64,FALSE,logBar,profit,ID,,,,
109,-0.920924187,-0.091054082,-0.056860834,1.414547205,0.410162568,0.420511007,1.755104423,0.489230037,0.515412867,14.63680352,6.844126555,2.210460603,5.350504404,0,0.03,0.01,64,FALSE,logBar,profit,ID,,,,
79,-0.880495548,-0.085352421,-0.059669912,1.414547205,0.410162568,0.420511007,1.755104423,0.489230037,0.515412867,12.13565074,0.916858776,0.223666738,2.982449169,0,0.03,0.0001,8,FALSE,logBar,profit,ID,,,,
78,-0.923368931,-0.08498776,-0.062746018,1.414547205,0.410162568,0.420511007,1.755104423,0.489230037,0.515412867,18.09511612,1.038793199,0.54860289,5.413203543,0,0.03,0.001,8,FALSE,logBar,profit,ID,,,,
110,-0.813501358,-0.074268758,-0.044272125,1.414547205,0.410162568,0.420511007,1.755104423,0.489230037,0.515412867,11.43091175,7.217896906,1.211100322,2.927421269,0,0.03,0.001,64,FALSE,logBar,profit,ID,,,,
93,-0.534327626,-0.07026948,-0.056638166,1.414547205,0.410162568,0.420511007,1.755104423,0.489230037,0.515412867,16.23615485,1.037544754,0.29207574,5.630361601,0,3,0.01,8,FALSE,logBar,profit,ID,,,,
95,-0.802458882,-0.062847354,-0.075837918,1.414547205,0.410162568,0.420511007,1.755104423,0.489230037,0.515412867,11.48515529,0.905852528,0.139949169,2.917976832,0,3,0.0001,8,FALSE,logBar,profit,ID,,,,
90,-1.11164093,-0.032261908,-0.051457644,1.414547205,0.410162568,0.420511007,1.755104423,0.489230037,0.515412867,14.21191721,0.966950812,0.215602401,4.324781379,0,1,0.001,8,FALSE,logBar,profit,ID,,,,
89,-1.001170278,-0.028886825,-0.044577077,1.414547205,0.410162568,0.420511007,1.755104423,0.489230037,0.515412867,16.98130892,1.084141608,0.269686092,6.284950256,0,1,0.01,8,FALSE,logBar,profit,ID,,,,
125,-0.765056252,-0.028113052,-0.04097864,1.414547205,0.410162568,0.420511007,1.755104423,0.489230037,0.515412867,13.49943734,7.370455328,1.536306201,4.422057497,0,3,0.01,64,FALSE,logBar,profit,ID,,,,
113,-0.795812905,-0.014055014,0.015801772,1.414547205,0.410162568,0.420511007,1.755104423,0.489230037,0.515412867,14.08083038,6.975067444,1.841721384,5.138746872,0,0.1,0.01,64,FALSE,logBar,profit,ID,,,,
126,-0.311156631,-0.007349558,-0.035361525,1.414547205,0.410162568,0.420511007,1.755104423,0.489230037,0.515412867,12.39738293,7.772786905,1.195171049,3.320264747,0,3,0.001,64,FALSE,logBar,profit,ID,,,,
99,-0.492168069,-0.001464322,-0.012962729,1.414547205,0.410162568,0.420511007,1.755104423,0.489230037,0.515412867,11.52195395,7.229978441,1.322329709,2.894530616,0,0.001,0.0001,64,FALSE,logBar,profit,ID,,,,
121,-0.905077994,0.003342301,-0.028962463,1.414547205,0.410162568,0.420511007,1.755104423,0.489230037,0.515412867,13.14756356,7.662188395,1.381994981,4.001733621,0,1,0.01,64,FALSE,logBar,profit,ID,,,,
91,-0.301776588,0.010379411,0.032522134,1.414547205,0.410162568,0.420511007,1.755104423,0.489230037,0.515412867,11.73465744,0.918347107,0.159376571,2.935666816,0,1,0.0001,8,FALSE,logBar,profit,ID,,,,
82,-0.722977459,0.013042763,0.0443618,1.414547205,0.410162568,0.420511007,1.755104423,0.489230037,0.515412867,17.18399379,1.057761255,0.407822718,5.437949181,0,0.1,0.001,8,FALSE,logBar,profit,ID,,,,
83,-0.504559398,0.026827812,0.027613565,1.414547205,0.410162568,0.420511007,1.755104423,0.489230037,0.515412867,11.93719022,0.914697485,0.201200217,2.994739226,0,0.1,0.0001,8,FALSE,logBar,profit,ID,,,,
87,-0.223544538,0.039193057,0.043430015,1.414547205,0.410162568,0.420511007,1.755104423,0.489230037,0.515412867,12.01554971,0.885761395,0.193578796,3.086485851,0,0.3,0.0001,8,FALSE,logBar,profit,ID,,,,
68,-0.140166342,0.04667487,0.019320756,1.414547205,0.410162568,0.420511007,1.755104423,0.489230037,0.515412867,14.15071992,0.962099752,0.39654838,3.42423062,0,0.001,1.00E-05,8,FALSE,logBar,profit,ID,,,,
86,-0.259418368,0.052871361,0.065976553,1.414547205,0.410162568,0.420511007,1.755104423,0.489230037,0.515412867,17.60399658,1.080207566,0.36967174,6.11116472,0,0.3,0.001,8,FALSE,logBar,profit,ID,,,,
107,0.1111435,0.075358108,0.06576845,1.414547205,0.410162568,0.420511007,1.755104423,0.489230037,0.515412867,11.37301683,7.192700531,1.099850183,3.016656775,0,0.01,0.0001,64,FALSE,logBar,profit,ID,,,,
72,0.095870823,0.086391285,0.070146643,1.414547205,0.410162568,0.420511007,1.755104423,0.489230037,0.515412867,13.74908718,0.967337344,0.309213514,3.45703152,0,0.003,1.00E-05,8,FALSE,logBar,profit,ID,,,,
103,0.065053344,0.087502688,0.053496301,1.414547205,0.410162568,0.420511007,1.755104423,0.489230037,0.515412867,12.27586904,7.496451967,1.350915314,3.348272505,0,0.003,0.0001,64,FALSE,logBar,profit,ID,,,,
111,0.213883758,0.09992934,0.076210387,1.414547205,0.410162568,0.420511007,1.755104423,0.489230037,0.515412867,11.7821909,7.346102621,1.179333581,3.169839241,0,0.03,0.0001,64,FALSE,logBar,profit,ID,,,,
115,0.220549822,0.100332722,0.074271463,1.414547205,0.410162568,0.420511007,1.755104423,0.489230037,0.515412867,11.77464214,7.467446811,1.181643172,3.036554634,0,0.1,0.0001,64,FALSE,logBar,profit,ID,,,,
119,0.2097269,0.10140761,0.081688665,1.414547205,0.410162568,0.420511007,1.755104423,0.489230037,0.515412867,11.12350228,7.180266972,1.063999421,2.816032996,0,0.3,0.0001,64,FALSE,logBar,profit,ID,,,,
118,0.215264678,0.102490596,0.081204019,1.414547205,0.410162568,0.420511007,1.755104423,0.489230037,0.515412867,14.04473325,6.708505276,1.887367886,5.254930271,0,0.3,0.001,64,FALSE,logBar,profit,ID,,,,
123,0.199837625,0.10303852,0.081072211,1.414547205,0.410162568,0.420511007,1.755104423,0.489230037,0.515412867,10.81720384,7.085167009,0.940126244,2.742748914,0,1,0.0001,64,FALSE,logBar,profit,ID,,,,
114,0.217242658,0.103249393,0.081204019,1.414547205,0.410162568,0.420511007,1.755104423,0.489230037,0.515412867,14.62697825,6.810950556,1.954356316,5.627285957,0,0.1,0.001,64,FALSE,logBar,profit,ID,,,,
122,0.129209995,0.106142588,0.092949197,1.414547205,0.410162568,0.420511007,1.755104423,0.489230037,0.515412867,13.82192763,7.108336346,1.650684992,4.911596794,0,1,0.001,64,FALSE,logBar,profit,ID,,,,
76,0.165312737,0.106144965,0.070211276,1.414547205,0.410162568,0.420511007,1.755104423,0.489230037,0.515412867,12.10613887,0.891411064,0.225024517,2.963174966,0,0.01,1.00E-05,8,FALSE,logBar,profit,ID,,,,
117,0.256959081,0.106427364,0.077841595,1.414547205,0.410162568,0.420511007,1.755104423,0.489230037,0.515412867,14.79073122,6.680910278,1.915989699,5.900113221,0,0.3,0.01,64,FALSE,logBar,profit,ID,,,,
92,0.237630606,0.114297524,0.085485034,1.414547205,0.410162568,0.420511007,1.755104423,0.489230037,0.515412867,11.62671718,0.897700111,0.163104426,2.903999799,0,1,1.00E-05,8,FALSE,logBar,profit,ID,,,,
88,0.225177348,0.116673648,0.080044955,1.414547205,0.410162568,0.420511007,1.755104423,0.489230037,0.515412867,11.81557599,0.906026996,0.180898714,3.022043104,0,0.3,1.00E-05,8,FALSE,logBar,profit,ID,,,,
96,0.586587787,0.13564527,0.098969176,1.414547205,0.410162568,0.420511007,1.755104423,0.489230037,0.515412867,12.00753143,0.944816828,0.149083569,3.203939091,0,3,1.00E-05,8,FALSE,logBar,profit,ID,,,,
80,0.471003026,0.137352437,0.103013188,1.414547205,0.410162568,0.420511007,1.755104423,0.489230037,0.515412867,13.63444355,0.934878779,0.285634784,3.761574977,0,0.03,1.00E-05,8,FALSE,logBar,profit,ID,,,,
84,0.46235314,0.140242398,0.102422103,1.414547205,0.410162568,0.420511007,1.755104423,0.489230037,0.515412867,13.2523093,0.951655531,0.24467763,3.718117326,0,0.1,1.00E-05,8,FALSE,logBar,profit,ID,,,,
127,0.624070525,0.151788354,0.103211731,1.414547205,0.410162568,0.420511007,1.755104423,0.489230037,0.515412867,11.59102777,7.693892093,0.98564438,2.814610856,0,3,0.0001,64,FALSE,logBar,profit,ID,,,,
100,0.925379515,0.156229973,0.125435442,1.414547205,0.410162568,0.420511007,1.755104423,0.489230037,0.515412867,11.43409304,7.21301644,1.270452512,2.891614785,0,0.001,1.00E-05,64,FALSE,logBar,profit,ID,,,,
124,0.967349529,0.162551537,0.134765327,1.414547205,0.410162568,0.420511007,1.755104423,0.489230037,0.515412867,10.67984226,7.003538156,0.916524506,2.701096137,0,1,1.00E-05,64,FALSE,logBar,profit,ID,,,,
128,1.120739341,0.186866209,0.184423923,1.414547205,0.410162568,0.420511007,1.755104423,0.489230037,0.515412867,10.30511509,6.963558221,0.809217408,2.487705472,0,3,1.00E-05,64,FALSE,logBar,profit,ID,,,,
104,1.207612872,0.208635598,0.200929448,1.414547205,0.410162568,0.420511007,1.755104423,0.489230037,0.515412867,14.46050079,6.775218844,1.920726762,5.653696494,0,0.003,1.00E-05,64,FALSE,logBar,profit,ID,,,,
108,1.207612872,0.208635598,0.200929448,1.414547205,0.410162568,0.420511007,1.755104423,0.489230037,0.515412867,14.01458215,6.737384615,1.894687185,5.18915894,0,0.01,1.00E-05,64,FALSE,logBar,profit,ID,,,,
112,1.207612872,0.208635598,0.202472076,1.414547205,0.410162568,0.420511007,1.755104423,0.489230037,0.515412867,14.05140111,6.730861826,1.961721678,5.216663003,0,0.03,1.00E-05,64,FALSE,logBar,profit,ID,,,,
116,1.207612872,0.208635598,0.202472076,1.414547205,0.410162568,0.420511007,1.755104423,0.489230037,0.515412867,13.88608476,6.804553585,1.902409134,5.010828629,0,0.1,1.00E-05,64,FALSE,logBar,profit,ID,,,,
120,1.207612872,0.208635598,0.202472076,1.414547205,0.410162568,0.420511007,1.755104423,0.489230037,0.515412867,13.80717156,6.97766839,1.896366839,4.784142618,0,0.3,1.00E-05,64,FALSE,logBar,profit,ID,,,,
